"Date","Time","Time zone","Name","Type","Status","Currency","Amount","Receipt ID","Balance"
"13/08/2015","01:17:34","EST","ASOS.COM Ltd","Order","Completed","AUD","","","0.00"
"13/08/2015","01:17:39","EST","ASOS.COM Ltd","General Authorisation","Pending","AUD","-40.50","","0.00"
"13/08/2015","02:17:46","EST","","General Credit Card Deposit","Completed","AUD","40.50","","40.50"
"13/08/2015","02:17:46","EST","ASOS.COM Ltd","Express Checkout Payment","Completed","AUD","-40.50","","0.00"
"04/09/2015","14:24:46","EST","","General Credit Card Deposit","Completed","AUD","10.18","","10.18"
"04/09/2015","14:24:46","EST","The Book Depository Limited","Express Checkout Payment","Completed","AUD","-10.18","","0.00"
"09/10/2015","16:28:19","EST","","General Credit Card Deposit","Completed","AUD","17.79","","17.79"
"09/10/2015","16:28:19","EST","","General Currency Conversion","Completed","AUD","-17.79","","0.00"
"09/10/2015","16:28:19","EST","","General Currency Conversion","Completed","USD","12.39","","12.39"
"09/10/2015","16:28:19","EST","habon international","eBay Auction Payment","Completed","USD","-12.39","","0.00"
"02/11/2015","13:21:15","EST","","General Credit Card Deposit","Completed","AUD","10.40","","10.40"
"02/11/2015","13:21:15","EST","","General Currency Conversion","Completed","AUD","-10.40","","0.00"
"02/11/2015","13:21:15","EST","","General Currency Conversion","Completed","USD","7.15","","7.15"
"02/11/2015","13:21:15","EST","Amanda Dorris","eBay Auction Payment","Completed","USD","-7.15","","0.00"
"01/02/2016","17:30:35","EST","ASOS.COM Ltd","Order","Voided","AUD","","","0.00"
"01/02/2016","17:30:39","EST","ASOS.COM Ltd","General Authorisation","Pending","AUD","-48.52","","0.00"
"01/02/2016","17:46:33","EST","ASOS.COM Ltd","Void of Authorisation","Reversed","AUD","-48.52","","0.00"
"01/02/2016","17:46:33","EST","ASOS.COM Ltd","Order","Completed","AUD","","","0.00"
"01/02/2016","20:33:38","EST","","General Credit Card Deposit","Completed","AUD","1.00","","1.00"
"01/02/2016","20:33:38","EST","晓玲 吴","eBay Auction Payment","Completed","AUD","-1.00","","0.00"
"07/02/2016","00:26:11","EST","ASOS.COM Ltd","Order","Completed","AUD","","","0.00"
"07/02/2016","00:26:15","EST","ASOS.COM Ltd","General Authorisation","Pending","AUD","-54.85","","0.00"
"07/02/2016","01:26:19","EST","","General Credit Card Deposit","Completed","AUD","54.85","","54.85"
"07/02/2016","01:26:19","EST","ASOS.COM Ltd","Express Checkout Payment","Completed","AUD","-54.85","","0.00"
"07/02/2016","01:26:19","EST","ASOS.COM Ltd","General Authorisation","Completed","AUD","-54.85","","0.00"
"07/02/2016","17:35:00","EST","","General Credit Card Deposit","Completed","AUD","10.95","","10.95"
"07/02/2016","17:35:00","EST","CRAZY APPLE STORE PTY LTD","eBay Auction Payment","Completed","AUD","-10.95","","0.00"
"07/02/2016","20:55:41","EST","","General Credit Card Deposit","Completed","AUD","2.15","","2.15"
"07/02/2016","20:55:41","EST","Bright Green Group Pty Ltd","eBay Auction Payment","Completed","AUD","-2.15","","0.00"
"10/02/2016","17:12:43","EST","","General Credit Card Deposit","Completed","AUD","4.99","","4.99"
"10/02/2016","17:12:43","EST","Tanya Cornwell","eBay Auction Payment","Completed","AUD","-4.99","","0.00"
"10/02/2016","17:34:34","EST","","General Credit Card Deposit","Completed","AUD","1.69","","1.69"
"10/02/2016","17:34:34","EST","Hong Kong Ting Hui Limited","eBay Auction Payment","Completed","AUD","-1.69","","0.00"
"15/02/2016","03:15:32","EST","","General Credit Card Deposit","Completed","AUD","2.84","","2.84"
"15/02/2016","03:15:32","EST","guan zong bin","eBay Auction Payment","Completed","AUD","-2.84","","0.00"
"15/02/2016","04:34:46","EST","","General Credit Card Deposit","Completed","AUD","1.29","","1.29"
"15/02/2016","04:34:46","EST","Sirilak Intharapeth","eBay Auction Payment","Completed","AUD","-1.29","","0.00"
"15/02/2016","04:43:40","EST","","General Credit Card Deposit","Completed","AUD","1.74","","1.74"
"15/02/2016","04:43:40","EST","胥家良","eBay Auction Payment","Completed","AUD","-1.74","","0.00"
"17/02/2016","21:10:35","EST","","General Credit Card Deposit","Completed","AUD","2.99","","2.99"
"17/02/2016","21:10:35","EST","Qian Qian","eBay Auction Payment","Completed","AUD","-2.99","","0.00"
"17/02/2016","21:10:39","EST","","General Credit Card Deposit","Completed","AUD","2.68","","2.68"
"17/02/2016","21:10:39","EST","胥家良","eBay Auction Payment","Completed","AUD","-2.68","","0.00"
"19/02/2016","21:12:58","EST","","General Credit Card Deposit","Completed","USD","12.28","","12.28"
"19/02/2016","21:12:58","EST","8cos","eBay Auction Payment","Completed","USD","-12.28","","0.00"
"26/02/2016","19:21:23","EST","","General Credit Card Deposit","Completed","AUD","2.99","","2.99"
"26/02/2016","19:21:23","EST","Daochun Liu","eBay Auction Payment","Completed","AUD","-2.99","","0.00"
"26/02/2016","19:25:55","EST","","General Credit Card Deposit","Completed","AUD","2.59","","2.59"
"26/02/2016","19:25:55","EST","Abstract Component PTY LTD","eBay Auction Payment","Completed","AUD","-2.59","","0.00"
"09/03/2016","12:49:04","EST","","General Credit Card Deposit","Completed","AUD","2.99","","2.99"
"09/03/2016","12:49:04","EST","ADMCITY.COM CO. LTD","eBay Auction Payment","Completed","AUD","-2.99","","0.00"
"09/03/2016","19:30:52","EST","","General Credit Card Deposit","Completed","AUD","6.20","","6.20"
"09/03/2016","19:30:52","EST","冠宗 何","eBay Auction Payment","Completed","AUD","-6.20","","0.00"
"09/03/2016","20:53:44","EST","","General Credit Card Deposit","Completed","USD","4.88","","4.88"
"09/03/2016","20:53:44","EST","KWANHYUN KIM","eBay Auction Payment","Completed","USD","-4.88","","0.00"
"09/03/2016","21:13:09","EST","","General Credit Card Deposit","Completed","AUD","19.46","","19.46"
"09/03/2016","21:13:09","EST","T.O.M","eBay Auction Payment","Completed","AUD","-19.46","","0.00"
"11/03/2016","21:41:41","EST","","General Credit Card Deposit","Completed","AUD","9.24","","9.24"
"11/03/2016","21:41:41","EST","Sarah O'Brien","eBay Auction Payment","Completed","AUD","-9.24","","0.00"
"13/03/2016","18:50:01","EST","","General Credit Card Deposit","Completed","AUD","1.00","","1.00"
"13/03/2016","18:50:01","EST","广州满翼贸易有限公司","eBay Auction Payment","Completed","AUD","-1.00","","0.00"
"15/03/2016","23:55:55","EST","","General Credit Card Deposit","Completed","AUD","1.89","","1.89"
"15/03/2016","23:55:55","EST","Gulam Saimon","eBay Auction Payment","Completed","AUD","-1.89","","0.00"
"13/04/2016","00:41:42","EST","","General Credit Card Deposit","Completed","AUD","10.50","","10.50"
"13/04/2016","00:41:42","EST","Panatech Office Automation","eBay Auction Payment","Completed","AUD","-10.50","","0.00"
"13/04/2016","01:11:42","EST","","General Credit Card Deposit","Completed","AUD","12.00","","12.00"
"13/04/2016","01:11:42","EST","slavica aslimoska","eBay Auction Payment","Completed","AUD","-12.00","","0.00"
"16/04/2016","13:06:01","EST","ASOS.COM Ltd","Order","Completed","AUD","","","0.00"
"16/04/2016","13:06:05","EST","ASOS.COM Ltd","General Authorisation","Pending","AUD","-46.90","","0.00"
"16/04/2016","14:06:09","EST","","General Credit Card Deposit","Completed","AUD","46.90","","46.90"
"16/04/2016","14:06:09","EST","ASOS.COM Ltd","Express Checkout Payment","Completed","AUD","-46.90","","0.00"
"16/04/2016","14:06:09","EST","ASOS.COM Ltd","General Authorisation","Completed","AUD","-46.90","","0.00"
"10/05/2016","11:44:25","EST","","General Credit Card Deposit","Completed","AUD","4.01","","4.01"
"10/05/2016","11:44:25","EST","song yuxing","eBay Auction Payment","Completed","AUD","-4.01","","0.00"
"25/06/2016","17:57:41","EST","","General Credit Card Deposit","Completed","AUD","47.72","","47.72"
"25/06/2016","17:57:41","EST","eBay International AG","Voucher Redemption","Completed","USD","10.80","","10.80"
"25/06/2016","17:57:41","EST","","General Currency Conversion","Completed","AUD","-47.72","","0.00"
"25/06/2016","17:57:41","EST","","General Currency Conversion","Completed","USD","34.03","","44.83"
"25/06/2016","17:57:41","EST","T.O.M Corp.","eBay Auction Payment","Completed","USD","-44.83","","0.00"
"05/07/2016","11:35:53","EST","","General Credit Card Deposit","Completed","AUD","12.48","","12.48"
"05/07/2016","11:35:53","EST","The Book Depository Limited","Express Checkout Payment","Completed","AUD","-12.48","","0.00"
"27/07/2016","17:09:18","EST","","General Credit Card Deposit","Completed","AUD","83.70","","83.70"
"27/07/2016","17:09:18","EST","University Co-operative Bookshop Ltd","Express Checkout Payment","Completed","AUD","-83.70","","0.00"
"07/08/2016","12:37:25","EST","Witchery Fashions Pty Ltd","Order","Completed","AUD","","","0.00"
"07/08/2016","14:34:55","EST","Witchery Fashions Pty Ltd","General Authorisation","Pending","AUD","-6.85","","0.00"
"07/08/2016","14:35:00","EST","","General Credit Card Deposit","Completed","AUD","6.85","","6.85"
"07/08/2016","14:35:00","EST","Witchery Fashions Pty Ltd","Express Checkout Payment","Completed","AUD","-6.85","","0.00"
"07/08/2016","14:35:00","EST","Witchery Fashions Pty Ltd","General Authorisation","Completed","AUD","-6.85","","0.00"
"13/08/2016","12:25:54","EST","","General Credit Card Deposit","Completed","USD","9.00","","9.00"
"13/08/2016","12:25:54","EST","BYUNG CHUL IN","eBay Auction Payment","Completed","USD","-9.00","","0.00"
"22/08/2016","21:59:47","EST","","General Credit Card Deposit","Completed","AUD","12.02","","12.02"
"22/08/2016","21:59:47","EST","The Book Depository Limited","Express Checkout Payment","Completed","AUD","-12.02","","0.00"
"25/08/2016","11:54:03","EST","ASOS.COM Ltd","Order","Completed","AUD","","","0.00"
"25/08/2016","11:54:07","EST","ASOS.COM Ltd","General Authorisation","Pending","AUD","-55.00","","0.00"
"25/08/2016","12:54:14","EST","","General Credit Card Deposit","Completed","AUD","55.00","","55.00"
"25/08/2016","12:54:14","EST","ASOS.COM Ltd","Express Checkout Payment","Completed","AUD","-55.00","","0.00"
"25/08/2016","12:54:14","EST","ASOS.COM Ltd","General Authorisation","Completed","AUD","-55.00","","0.00"
"08/09/2016","12:59:54","EST","ASOS.COM Ltd","Payment Refund","Completed","AUD","22.00","","22.00"
"08/09/2016","12:59:54","EST","","General Credit Card Withdrawal","Completed","AUD","-22.00","","0.00"
"10/10/2016","17:47:09","EST","","General Credit Card Deposit","Completed","USD","5.00","","5.00"
"10/10/2016","17:47:09","EST","Changyong Han","eBay Auction Payment","Completed","USD","-5.00","","0.00"
"30/10/2016","12:23:53","EST","","General Credit Card Deposit","Completed","USD","6.26","","6.26"
"30/10/2016","12:23:53","EST","JiHye Kim","eBay Auction Payment","Completed","USD","-6.26","","0.00"
"03/11/2016","21:25:39","EST","","General Credit Card Deposit","Completed","USD","8.40","","8.40"
"03/11/2016","21:25:39","EST","YD&J","eBay Auction Payment","Completed","USD","-8.40","","0.00"
"16/11/2016","13:44:26","EST","ASOS.COM Ltd","Order","Completed","AUD","","","0.00"
"16/11/2016","13:44:30","EST","ASOS.COM Ltd","General Authorisation","Pending","AUD","-80.50","","0.00"
"16/11/2016","14:44:39","EST","","General Credit Card Deposit","Completed","AUD","80.50","","80.50"
"16/11/2016","14:44:39","EST","ASOS.COM Ltd","Express Checkout Payment","Completed","AUD","-80.50","","0.00"
"16/11/2016","14:44:39","EST","ASOS.COM Ltd","General Authorisation","Completed","AUD","-80.50","","0.00"
"30/11/2016","20:49:19","EST","Hoyts Corporation","General Authorisation","Pending","AUD","-1.20","","0.00"
"30/11/2016","20:49:31","EST","","General Credit Card Deposit","Completed","AUD","1.20","","1.20"
"30/11/2016","20:49:31","EST","Hoyts Corporation","Express Checkout Payment","Completed","AUD","-1.20","","0.00"
"30/11/2016","20:49:31","EST","Hoyts Corporation","General Authorisation","Completed","AUD","-1.20","","0.00"
"06/12/2016","10:56:24","EST","ASOS.COM Ltd","Payment Refund","Completed","AUD","21.00","","21.00"
"06/12/2016","10:56:24","EST","","General Credit Card Withdrawal","Completed","AUD","-21.00","","0.00"
"07/12/2016","00:29:00","EST","JiHye Kim","Payment Refund","Completed","USD","6.26","","6.26"
"07/12/2016","00:29:00","EST","","General Credit Card Withdrawal","Completed","USD","-6.26","","0.00"
"06/01/2017","15:14:47","EST","","General Credit Card Deposit","Completed","USD","13.02","","13.02"
"06/01/2017","15:14:47","EST","eBay International AG","Voucher Redemption","Completed","USD","2.97","","15.99"
"06/01/2017","15:14:47","EST","Youngmin Ahn","eBay Auction Payment","Completed","USD","-15.99","","0.00"
"06/01/2017","15:14:52","EST","","General Credit Card Deposit","Completed","USD","7.62","","7.62"
"06/01/2017","15:14:52","EST","eBay International AG","Voucher Redemption","Completed","USD","1.73","","9.35"
"06/01/2017","15:14:52","EST","Jolse","eBay Auction Payment","Completed","USD","-9.35","","0.00"
"06/01/2017","15:14:56","EST","","General Credit Card Deposit","Completed","USD","9.65","","9.65"
"06/01/2017","15:14:56","EST","eBay International AG","Voucher Redemption","Completed","USD","2.21","","11.86"
"06/01/2017","15:14:56","EST","Nowzenith","eBay Auction Payment","Completed","USD","-11.86","","0.00"
"06/01/2017","15:15:01","EST","","General Credit Card Deposit","Completed","USD","23.79","","23.79"
"06/01/2017","15:15:01","EST","eBay International AG","Voucher Redemption","Completed","USD","5.44","","29.23"
"06/01/2017","15:15:01","EST","合同会社龍晋堂","eBay Auction Payment","Completed","USD","-29.23","","0.00"
"06/01/2017","15:15:05","EST","","General Credit Card Deposit","Completed","USD","8.47","","8.47"
"06/01/2017","15:15:05","EST","eBay International AG","Voucher Redemption","Completed","USD","1.93","","10.40"
"06/01/2017","15:15:05","EST","Another selection","eBay Auction Payment","Completed","USD","-10.40","","0.00"
"07/02/2017","03:28:09","EST","ASOS.COM Ltd","Order","Completed","AUD","","","0.00"
"07/02/2017","03:28:13","EST","ASOS.COM Ltd","General Authorisation","Pending","AUD","-121.50","","0.00"
"07/02/2017","04:28:22","EST","","General Credit Card Deposit","Completed","AUD","121.50","","121.50"
"07/02/2017","04:28:22","EST","ASOS.COM Ltd","Express Checkout Payment","Completed","AUD","-121.50","","0.00"
"07/02/2017","04:28:22","EST","ASOS.COM Ltd","General Authorisation","Completed","AUD","-121.50","","0.00"
"12/02/2017","19:17:26","EST","Uber Australia Pty Ltd","General Authorisation","Pending","AUD","-1.00","","0.00"
"12/02/2017","19:17:29","EST","Uber Australia Pty Ltd","Void of Authorisation","Reversed","AUD","-1.00","","0.00"
"14/02/2017","20:24:43","EST","GUZMAN Y GOMEZ RESTAURANT GROUP P/L","General Authorisation","Pending","AUD","-12.50","","0.00"
"14/02/2017","20:24:56","EST","","General Credit Card Deposit","Completed","AUD","12.50","","12.50"
"14/02/2017","20:24:56","EST","GUZMAN Y GOMEZ RESTAURANT GROUP P/L","Pre-approved Payment Bill User Payment","Completed","AUD","-12.50","","0.00"
"14/02/2017","20:24:56","EST","GUZMAN Y GOMEZ RESTAURANT GROUP P/L","General Authorisation","Completed","AUD","-12.50","","0.00"
"15/02/2017","04:35:50","EST","Uber BV","General Authorisation","Pending","SGD","-1.00","","0.00"
"15/02/2017","04:35:53","EST","Uber BV","Void of Authorisation","Reversed","SGD","-1.00","","0.00"
"15/02/2017","04:36:34","EST","Uber BV","General Authorisation","Pending","SGD","-1.00","","0.00"
"15/02/2017","04:38:44","EST","Uber BV","Void of Authorisation","Reversed","SGD","-1.00","","0.00"
"15/02/2017","04:38:50","EST","Uber BV","General Authorisation","Pending","SGD","-1.00","","0.00"
"15/02/2017","04:40:38","EST","Uber BV","Void of Authorisation","Reversed","SGD","-1.00","","0.00"
"15/02/2017","04:40:58","EST","Uber BV","General Authorisation","Pending","SGD","-1.00","","0.00"
"15/02/2017","05:03:05","EST","Uber BV","Void of Authorisation","Reversed","SGD","-1.00","","0.00"
"15/02/2017","05:03:44","EST","","General Credit Card Deposit","Completed","SGD","10.00","","10.00"
"15/02/2017","05:03:44","EST","Uber BV","Express Checkout Payment","Completed","SGD","-10.00","","0.00"
"18/02/2017","11:04:49","EST","Uber BV","General Authorisation","Pending","SGD","-1.00","","0.00"
"18/02/2017","11:04:51","EST","Uber BV","Void of Authorisation","Reversed","SGD","-1.00","","0.00"
"18/02/2017","11:06:04","EST","Uber BV","General Authorisation","Pending","SGD","-1.00","","0.00"
"18/02/2017","11:14:15","EST","Uber BV","Void of Authorisation","Reversed","SGD","-1.00","","0.00"
"23/02/2017","21:52:41","EST","","General Credit Card Deposit","Completed","AUD","52.41","","52.41"
"23/02/2017","21:52:41","EST","The Book Depository Limited","Express Checkout Payment","Completed","AUD","-52.41","","0.00"
"26/02/2017","00:02:14","EST","","General Credit Card Deposit","Completed","AUD","4.60","","4.60"
"26/02/2017","00:02:14","EST","Evelyn","eBay Auction Payment","Completed","AUD","-4.60","","0.00"
"08/03/2017","13:41:30","EST","ASOS.COM Ltd","Payment Refund","Completed","AUD","86.50","","86.50"
"08/03/2017","13:41:30","EST","","General Credit Card Withdrawal","Completed","AUD","-86.50","","0.00"
"13/03/2017","12:05:45","EST","","General Credit Card Deposit","Completed","USD","4.45","","4.45"
"13/03/2017","12:05:45","EST","beautynetkorea","eBay Auction Payment","Completed","USD","-4.45","","0.00"
"31/03/2017","18:11:33","EST","","General Credit Card Deposit","Completed","USD","8.05","","8.05"
"31/03/2017","18:11:33","EST","FUKUOMI SHIMODA","eBay Auction Payment","Completed","USD","-8.05","","0.00"
"06/04/2017","21:23:11","EST","","General Credit Card Deposit","Completed","USD","9.81","","9.81"
"06/04/2017","21:23:11","EST","buy1now4less","eBay Auction Payment","Completed","USD","-9.81","","0.00"
"10/04/2017","02:04:25","EST","ASOS.COM Ltd","Order","Completed","AUD","","","0.00"
"10/04/2017","02:04:30","EST","ASOS.COM Ltd","General Authorisation","Pending","AUD","-112.10","","0.00"
"10/04/2017","03:04:39","EST","","General Credit Card Deposit","Completed","AUD","112.10","","112.10"
"10/04/2017","03:04:39","EST","ASOS.COM Ltd","Express Checkout Payment","Completed","AUD","-112.10","","0.00"
"10/04/2017","03:04:39","EST","ASOS.COM Ltd","General Authorisation","Completed","AUD","-112.10","","0.00"
"12/04/2017","20:15:47","EST","GUZMAN Y GOMEZ RESTAURANT GROUP P/L","General Authorisation","Pending","AUD","-25.00","","0.00"
"12/04/2017","20:16:04","EST","","General Credit Card Deposit","Completed","AUD","25.00","","25.00"
"12/04/2017","20:16:04","EST","GUZMAN Y GOMEZ RESTAURANT GROUP P/L","Pre-approved Payment Bill User Payment","Completed","AUD","-25.00","","0.00"
"12/04/2017","20:16:04","EST","GUZMAN Y GOMEZ RESTAURANT GROUP P/L","General Authorisation","Completed","AUD","-25.00","","0.00"
"19/04/2017","10:43:06","EST","beautynetkorea","Payment Refund","Completed","USD","4.45","","4.45"
"19/04/2017","10:43:06","EST","","General Credit Card Withdrawal","Completed","USD","-4.45","","0.00"
"01/05/2017","08:16:36","EST","ASOS.COM Ltd","Payment Refund","Completed","AUD","112.10","","112.10"
"01/05/2017","08:16:36","EST","","General Credit Card Withdrawal","Completed","AUD","-112.10","","0.00"
"11/05/2017","10:36:55","EST","FUKUOMI SHIMODA","eBay Auction Payment","Reversed","USD","-8.05","","0.00"
"12/05/2017","11:43:32","EST","FUKUOMI SHIMODA","Payment Refund","Completed","USD","8.05","","8.05"
"12/05/2017","11:43:32","EST","","General Credit Card Withdrawal","Completed","USD","-8.05","","0.00"
"12/05/2017","11:43:32","EST","FUKUOMI SHIMODA","eBay Auction Payment","Reversed","USD","-8.05","","0.00"
"25/05/2017","18:09:59","EST","ASOS.COM Ltd","Order","Completed","AUD","","","0.00"
"25/05/2017","18:10:02","EST","ASOS.COM Ltd","General Authorisation","Pending","AUD","-60.00","","0.00"
"25/05/2017","19:10:08","EST","","General Credit Card Deposit","Completed","AUD","60.00","","60.00"
"25/05/2017","19:10:08","EST","ASOS.COM Ltd","Express Checkout Payment","Completed","AUD","-60.00","","0.00"
"25/05/2017","19:10:08","EST","ASOS.COM Ltd","General Authorisation","Completed","AUD","-60.00","","0.00"
"21/06/2017","13:40:25","EST","ASOS.COM Ltd","Payment Refund","Completed","AUD","60.00","","60.00"
"21/06/2017","13:40:25","EST","","General Credit Card Withdrawal","Completed","AUD","-60.00","","0.00"
"21/07/2017","01:24:20","EST","","General Credit Card Deposit","Completed","AUD","2.89","","2.89"
"21/07/2017","01:24:20","EST","","General Currency Conversion","Completed","AUD","-2.89","","0.00"
"21/07/2017","01:24:20","EST","","General Currency Conversion","Completed","USD","2.20","","2.20"
"21/07/2017","01:24:20","EST","ping515","eBay Auction Payment","Completed","USD","-2.20","","0.00"
"21/07/2017","01:24:22","EST","","General Credit Card Deposit","Completed","AUD","3.42","","3.42"
"21/07/2017","01:24:22","EST","","General Currency Conversion","Completed","AUD","-3.42","","0.00"
"21/07/2017","01:24:22","EST","","General Currency Conversion","Completed","USD","2.60","","2.60"
"21/07/2017","01:24:22","EST","ping515","eBay Auction Payment","Completed","USD","-2.60","","0.00"
"21/07/2017","13:00:40","EST","ASOS.COM Ltd","Order","Completed","AUD","","","0.00"
"21/07/2017","13:00:45","EST","ASOS.COM Ltd","General Authorisation","Pending","AUD","-44.20","","0.00"
"21/07/2017","14:00:53","EST","","General Credit Card Deposit","Completed","AUD","44.20","","44.20"
"21/07/2017","14:00:53","EST","ASOS.COM Ltd","Express Checkout Payment","Completed","AUD","-44.20","","0.00"
"21/07/2017","14:00:53","EST","ASOS.COM Ltd","General Authorisation","Completed","AUD","-44.20","","0.00"
"16/08/2017","14:35:28","EST","ASOS.COM Ltd","Payment Refund","Completed","AUD","35.00","","35.00"
"16/08/2017","14:35:28","EST","","General Credit Card Withdrawal","Completed","AUD","-35.00","","0.00"
"14/09/2017","16:27:22","EST","Vistaprint","Express Checkout Payment","Completed","AUD","-47.94","","-47.94"
"14/09/2017","16:27:22","EST","","General Credit Card Deposit","Completed","AUD","47.94","","0.00"
"09/10/2017","03:17:26","EST","Dymocks Pty Ltd","Express Checkout Payment","Completed","AUD","-20.98","","-20.98"
"09/10/2017","03:17:26","EST","","General Credit Card Deposit","Completed","AUD","20.98","","0.00"
"25/10/2017","22:03:52","EST","","General Credit Card Deposit","Completed","AUD","6.75","","6.75"
"25/10/2017","22:03:52","EST","","General Currency Conversion","Completed","AUD","-6.75","","0.00"
"25/10/2017","22:03:52","EST","","General Currency Conversion","Completed","USD","5.00","","5.00"
"25/10/2017","22:03:52","EST","Nanda,Inc","Express Checkout Payment","Completed","USD","-5.00","","0.00"
"09/11/2017","13:58:05","EST","GUZMAN Y GOMEZ RESTAURANT GROUP P/L","General Authorisation","Pending","AUD","-18.50","","0.00"
"09/11/2017","13:58:24","EST","","General Credit Card Deposit","Completed","AUD","18.50","","18.50"
"09/11/2017","13:58:24","EST","GUZMAN Y GOMEZ RESTAURANT GROUP P/L","Pre-approved Payment Bill User Payment","Completed","AUD","-18.50","","0.00"
"09/11/2017","13:58:24","EST","GUZMAN Y GOMEZ RESTAURANT GROUP P/L","General Authorisation","Completed","AUD","-18.50","","0.00"
"12/11/2017","14:46:08","EST","CRAZY TECHNOLOGY PTY LTD","eBay Auction Payment","Completed","AUD","-10.75","","-10.75"
"12/11/2017","14:46:08","EST","","General Credit Card Deposit","Completed","AUD","10.75","","0.00"
"13/11/2017","12:45:10","EST","Harare Health Partnership, Inc","Donation Payment","Completed","USD","-5.00","","-5.00"
"13/11/2017","12:45:10","EST","","General Currency Conversion","Completed","AUD","-6.80","","-6.80"
"13/11/2017","12:45:10","EST","","General Currency Conversion","Completed","USD","5.00","","0.00"
"13/11/2017","12:45:10","EST","","General Credit Card Deposit","Completed","AUD","6.80","","0.00"
"13/11/2017","15:03:16","EST","ASOS.COM Ltd","Order","Completed","AUD","","","0.00"
"13/11/2017","15:03:23","EST","ASOS.COM Ltd","General Authorisation","Pending","AUD","-47.80","","0.00"
"13/11/2017","16:03:33","EST","","General Credit Card Deposit","Completed","AUD","47.80","","47.80"
"13/11/2017","16:03:33","EST","ASOS.COM Ltd","Express Checkout Payment","Completed","AUD","-47.80","","0.00"
"13/11/2017","16:03:33","EST","ASOS.COM Ltd","General Authorisation","Completed","AUD","-47.80","","0.00"
"19/11/2017","09:42:37","EST","","General Credit Card Deposit","Completed","AUD","10.67","","10.67"
"19/11/2017","09:42:37","EST","","General Currency Conversion","Completed","AUD","-10.67","","0.00"
"19/11/2017","09:42:37","EST","","General Currency Conversion","Completed","USD","7.76","","7.76"
"19/11/2017","09:42:37","EST","Jolse","eBay Auction Payment","Completed","USD","-7.76","","0.00"
"19/11/2017","09:42:40","EST","","General Credit Card Deposit","Completed","AUD","14.23","","14.23"
"19/11/2017","09:42:40","EST","","General Currency Conversion","Completed","AUD","-14.23","","0.00"
"19/11/2017","09:42:40","EST","","General Currency Conversion","Completed","USD","10.35","","10.35"
"19/11/2017","09:42:40","EST","R&S(Son Taesik)","eBay Auction Payment","Completed","USD","-10.35","","0.00"
"19/11/2017","09:54:07","EST","","General Credit Card Deposit","Completed","AUD","19.25","","19.25"
"19/11/2017","09:54:07","EST","","General Currency Conversion","Completed","AUD","-19.25","","0.00"
"19/11/2017","09:54:07","EST","","General Currency Conversion","Completed","USD","14.00","","14.00"
"19/11/2017","09:54:07","EST","(주)벤튼","eBay Auction Payment","Completed","USD","-14.00","","0.00"
"23/11/2017","16:15:53","EST","","General Credit Card Deposit","Completed","AUD","12.02","","12.02"
"23/11/2017","16:15:53","EST","","General Currency Conversion","Completed","AUD","-12.02","","0.00"
"23/11/2017","16:15:53","EST","","General Currency Conversion","Completed","USD","8.77","","8.77"
"23/11/2017","16:15:53","EST","Koichi Watanabe","eBay Auction Payment","Completed","USD","-8.77","","0.00"
"30/11/2017","07:15:45","EST","ASOS.COM Ltd","Payment Refund","Completed","AUD","47.80","","47.80"
"30/11/2017","07:15:45","EST","","General Credit Card Withdrawal","Completed","AUD","-47.80","","0.00"
"12/12/2017","02:07:54","EST","Sheet Music Plus, LLC","Express Checkout Payment","Completed","USD","-11.98","","-11.98"
"12/12/2017","02:07:54","EST","","General Currency Conversion","Completed","AUD","-16.56","","-16.56"
"12/12/2017","02:07:54","EST","","General Currency Conversion","Completed","USD","11.98","","0.00"
"12/12/2017","02:07:54","EST","","General Credit Card Deposit","Completed","AUD","16.56","","0.00"
"31/12/2017","11:40:17","EST","Koichi Watanabe","Payment Refund","Completed","USD","8.77","","8.77"
"31/12/2017","11:40:17","EST","","General Currency Conversion","Completed","USD","-8.77","","0.00"
"31/12/2017","11:40:17","EST","","General Currency Conversion","Completed","AUD","12.02","","12.02"
"31/12/2017","11:40:17","EST","","General Credit Card Withdrawal","Completed","AUD","-12.02","","0.00"
"08/01/2018","13:58:45","EST","GUZMAN Y GOMEZ RESTAURANT GROUP PTY LIMITED","General Authorisation","Pending","AUD","-14.70","","0.00"
"08/01/2018","13:59:01","EST","","General Credit Card Deposit","Completed","AUD","14.70","","14.70"
"08/01/2018","13:59:01","EST","GUZMAN Y GOMEZ RESTAURANT GROUP PTY LIMITED","Pre-approved Payment Bill User Payment","Completed","AUD","-14.70","","0.00"
"08/01/2018","13:59:01","EST","GUZMAN Y GOMEZ RESTAURANT GROUP PTY LIMITED","General Authorisation","Completed","AUD","-14.70","","0.00"
"21/01/2018","21:39:46","EST","","General Credit Card Deposit","Completed","AUD","19.00","","19.00"
"21/01/2018","21:39:46","EST","CHARLESKEITH.COM Pte Ltd","Express Checkout Payment","Completed","AUD","-19.00","","0.00"
"02/03/2018","16:24:14","EST","The Book Depository Limited","Express Checkout Payment","Completed","AUD","-59.85","","-59.85"
"02/03/2018","16:24:14","EST","","General Credit Card Deposit","Completed","AUD","59.85","","0.00"
"03/03/2018","21:36:57","EST","THE ICONIC","Pre-approved Payment Bill User Payment","Completed","AUD","-65.96","","-65.96"
"03/03/2018","21:36:57","EST","","General Credit Card Deposit","Completed","AUD","65.96","","0.00"
"08/03/2018","19:55:33","EST","UNIQLO Australia Pty. Ltd","General Authorisation","Pending","AUD","-89.80","","0.00"
"09/03/2018","13:28:18","EST","","General Credit Card Deposit","Completed","AUD","89.80","","89.80"
"09/03/2018","13:28:18","EST","UNIQLO Australia Pty. Ltd","Express Checkout Payment","Completed","AUD","-89.80","","0.00"
"09/03/2018","13:28:18","EST","UNIQLO Australia Pty. Ltd","General Authorisation","Completed","AUD","-89.80","","0.00"
"19/03/2018","22:50:17","EST","THE ICONIC","Pre-approved Payment Bill User Payment","Completed","AUD","-55.97","","-55.97"
"19/03/2018","22:50:17","EST","","General Credit Card Deposit","Completed","AUD","55.97","","0.00"
"22/03/2018","14:13:00","EST","THE ICONIC","Payment Refund","Completed","AUD","41.97","","41.97"
"22/03/2018","14:13:00","EST","","General Credit Card Withdrawal","Completed","AUD","-41.97","","0.00"
"25/03/2018","17:39:31","EST","adidas Australia Pty Ltd","Express Checkout Payment","Completed","AUD","-120.00","","-120.00"
"25/03/2018","17:39:31","EST","","General Credit Card Deposit","Completed","AUD","120.00","","0.00"
"02/04/2018","14:52:28","EST","eShopWorld","Order","Completed","AUD","","","0.00"
"02/04/2018","14:52:33","EST","eShopWorld","General Authorisation","Pending","AUD","-115.98","","0.00"
"02/04/2018","17:44:40","EST","","General Credit Card Deposit","Completed","AUD","115.98","","115.98"
"02/04/2018","17:44:40","EST","eShopWorld","Express Checkout Payment","Completed","AUD","-115.98","","0.00"
"02/04/2018","17:44:40","EST","eShopWorld","General Authorisation","Completed","AUD","-115.98","","0.00"
"13/04/2018","18:54:44","EST","eShopWorld","General Authorisation","Pending","AUD","-115.98","","0.00"
"13/04/2018","20:58:29","EST","","General Credit Card Deposit","Completed","AUD","115.98","","115.98"
"13/04/2018","20:58:29","EST","eShopWorld","Express Checkout Payment","Completed","AUD","-115.98","","0.00"
"13/04/2018","20:58:29","EST","eShopWorld","General Authorisation","Completed","AUD","-115.98","","0.00"
"14/04/2018","15:13:17","EST","UNIQLO Australia Pty. Ltd","General Authorisation","Pending","AUD","-89.90","","0.00"
"16/04/2018","11:50:17","EST","","General Credit Card Deposit","Completed","AUD","89.90","","89.90"
"16/04/2018","11:50:17","EST","UNIQLO Australia Pty. Ltd","Express Checkout Payment","Completed","AUD","-89.90","","0.00"
"16/04/2018","11:50:17","EST","UNIQLO Australia Pty. Ltd","General Authorisation","Completed","AUD","-89.90","","0.00"
"20/04/2018","20:07:39","EST","eShopWorld","Payment Refund","Completed","AUD","83.99","","83.99"
"20/04/2018","20:07:39","EST","","General Credit Card Withdrawal","Completed","AUD","-83.99","","0.00"
"23/04/2018","15:07:01","EST","adidas Australia Pty Ltd","Payment Refund","Completed","AUD","120.00","","120.00"
"23/04/2018","15:07:01","EST","","General Credit Card Withdrawal","Completed","AUD","-120.00","","0.00"
"29/04/2018","19:57:51","EST","HANES IP BONDS AUSTRALIA PTY LTD","Express Checkout Payment","Completed","AUD","-26.55","","-26.55"
"29/04/2018","19:57:51","EST","","General Credit Card Deposit","Completed","AUD","26.55","","0.00"
"06/05/2018","20:04:02","EST","TOM corp.","eBay Auction Payment","Completed","USD","-21.90","","-21.90"
"06/05/2018","20:04:02","EST","","General Currency Conversion","Completed","AUD","-30.29","","-30.29"
"06/05/2018","20:04:02","EST","To get contact details, please visit your order details on My eBay","General Currency Conversion","Completed","USD","21.90","","0.00"
"06/05/2018","20:04:02","EST","To get contact details, please visit your order details on My eBay","General Credit Card Deposit","Completed","AUD","30.29","","0.00"
"07/05/2018","18:02:17","EST","UNIQLO Australia Pty. Ltd","Payment Refund","Completed","AUD","82.90","","82.90"
"07/05/2018","18:02:17","EST","","General Credit Card Withdrawal","Completed","AUD","-82.90","","0.00"
"14/06/2018","15:30:48","EST","THE ICONIC","Pre-approved Payment Bill User Payment","Completed","AUD","-50.00","","-50.00"
"14/06/2018","15:30:48","EST","","General Credit Card Deposit","Completed","AUD","50.00","","0.00"
"25/06/2018","16:36:26","EST","BeautyQueen","eBay Auction Payment","Completed","USD","-17.18","","-17.18"
"25/06/2018","16:36:26","EST","","General Currency Conversion","Completed","AUD","-24.15","","-24.15"
"25/06/2018","16:36:26","EST","To get contact details, please visit your order details on My eBay","General Currency Conversion","Completed","USD","17.18","","0.00"
"25/06/2018","16:36:26","EST","To get contact details, please visit your order details on My eBay","General Credit Card Deposit","Completed","AUD","24.15","","0.00"
"29/06/2018","20:32:05","EST","Jolse","eBay Auction Payment","Completed","AUD","-16.50","","-16.50"
"29/06/2018","20:32:05","EST","To get contact details, please visit your order details on My eBay","General Credit Card Deposit","Completed","AUD","16.50","","0.00"
"29/06/2018","20:32:09","EST","T.O.M Corp.","eBay Auction Payment","Completed","AUD","-15.10","","-15.10"
"29/06/2018","20:32:09","EST","To get contact details, please visit your order details on My eBay","General Credit Card Deposit","Completed","AUD","15.10","","0.00"
"02/07/2018","14:07:26","EST","THE ICONIC","Payment Refund","Completed","AUD","50.00","","50.00"
"02/07/2018","14:07:26","EST","","General Credit Card Withdrawal","Completed","AUD","-50.00","","0.00"
"08/08/2018","23:01:14","EST","CHARLESKEITH.COM Pte Ltd","Express Checkout Payment","Completed","AUD","-129.00","","-129.00"
"08/08/2018","23:01:14","EST","","General Credit Card Deposit","Completed","AUD","129.00","","0.00"
"11/08/2018","16:18:19","EST","THE ICONIC","Pre-approved Payment Bill User Payment","Completed","AUD","-97.98","","-97.98"
"11/08/2018","16:18:19","EST","","General Credit Card Deposit","Completed","AUD","97.98","","0.00"
"15/08/2018","21:57:29","EST","COTTON ON CLOTHING PTY. LTD.","Express Checkout Payment","Completed","AUD","-27.00","","-27.00"
"15/08/2018","21:57:29","EST","","General Credit Card Deposit","Completed","AUD","27.00","","0.00"
"11/09/2018","21:45:28","EST","MCM Communications Pty. Ltd.","eBay Auction Payment","Completed","AUD","-4.25","","-4.25"
"11/09/2018","21:45:28","EST","To get contact details, please visit your order details on My eBay","General Credit Card Deposit","Completed","AUD","4.25","","0.00"
"11/09/2018","22:55:47","EST","THE ICONIC","Pre-approved Payment Bill User Payment","Completed","AUD","-54.95","","-54.95"
"11/09/2018","22:55:47","EST","","General Credit Card Deposit","Completed","AUD","54.95","","0.00"
"14/09/2018","11:58:28","EST","","General Credit Card Deposit","Refused","AUD","99.00","","0.00"
"14/09/2018","11:59:24","EST","","General Credit Card Deposit","Refused","AUD","99.00","","0.00"
"14/09/2018","12:02:11","EST","","General Credit Card Deposit","Refused","AUD","99.00","","0.00"
"15/09/2018","23:04:52","EST","CHARLESKEITH.COM Pte Ltd","Express Checkout Payment","Completed","AUD","-59.00","","-59.00"
"15/09/2018","23:04:52","EST","","General Credit Card Deposit","Completed","AUD","59.00","","0.00"
"20/09/2018","21:18:43","EST","BaseQi Co., Ltd","Express Checkout Payment","Completed","USD","-27.49","","-27.49"
"20/09/2018","21:18:43","EST","","General Currency Conversion","Completed","AUD","-39.54","","-39.54"
"20/09/2018","21:18:43","EST","","General Currency Conversion","Completed","USD","27.49","","0.00"
"20/09/2018","21:18:43","EST","","General Credit Card Deposit","Completed","AUD","39.54","","0.00"
"09/10/2018","08:58:46","EST","THE ICONIC","Payment Refund","Completed","AUD","54.95","","54.95"
"09/10/2018","08:58:46","EST","","General Credit Card Withdrawal","Completed","AUD","-54.95","","0.00"
"10/10/2018","21:57:58","EST","THE ICONIC","Pre-approved Payment Bill User Payment","Completed","AUD","-116.17","","-116.17"
"10/10/2018","21:57:58","EST","","General Credit Card Deposit","Completed","AUD","116.17","","0.00"
"23/10/2018","22:43:20","EST","THE ICONIC","Pre-approved Payment Bill User Payment","Completed","AUD","-59.96","","-59.96"
"23/10/2018","22:43:20","EST","","General Credit Card Deposit","Completed","AUD","59.96","","0.00"
"06/11/2018","10:33:13","EST","THE ICONIC","Payment Refund","Completed","AUD","53.87","","53.87"
"06/11/2018","10:33:13","EST","","General Credit Card Withdrawal","Completed","AUD","-53.87","","0.00"
"08/11/2018","02:16:27","EST","THE ICONIC","Pre-approved Payment Bill User Payment","Completed","AUD","-97.97","","-97.97"
"08/11/2018","02:16:27","EST","","General Credit Card Deposit","Completed","AUD","97.97","","0.00"
"12/11/2018","16:31:02","EST","THE ICONIC","Pre-approved Payment Bill User Payment","Completed","AUD","-76.96","","-76.96"
"12/11/2018","16:31:02","EST","","General Credit Card Deposit","Completed","AUD","76.96","","0.00"
"12/11/2018","20:10:21","EST","","General Credit Card Deposit","Completed","AUD","23.95","","23.95"
"12/11/2018","20:10:21","EST","katerina@minitopia.com.au","Express Checkout Payment","Pending","AUD","-23.95","","0.00"
"12/11/2018","20:52:24","EST","Minitopia","Express Checkout Payment","Completed","AUD","-23.95","","0.00"
"13/11/2018","00:35:59","EST","Minitopia","Payment Refund","Completed","AUD","23.95","","23.95"
"13/11/2018","00:35:59","EST","","General Credit Card Withdrawal","Completed","AUD","-23.95","","0.00"
"13/11/2018","01:03:18","EST","Meter Techs Pty Ltd","eBay Auction Payment","Completed","AUD","-53.40","","-53.40"
"13/11/2018","01:03:18","EST","To get contact details, please visit your order details on My eBay","General Credit Card Deposit","Completed","AUD","53.40","","0.00"
"22/11/2018","20:38:44","EST","THE ICONIC","Pre-approved Payment Bill User Payment","Completed","AUD","-58.77","","-58.77"
"22/11/2018","20:38:44","EST","","General Credit Card Deposit","Completed","AUD","58.77","","0.00"
"26/12/2018","11:26:32","EST","","General Credit Card Deposit","Completed","AUD","29.94","","29.94"
"26/12/2018","11:26:32","EST","HANES IP BONDS AUSTRALIA PTY LTD","Express Checkout Payment","Completed","AUD","-29.94","","0.00"
"29/12/2018","13:08:56","EST","R&S(Son Taesik)","eBay Auction Payment","Completed","USD","-25.56","","-25.56"
"29/12/2018","13:08:56","EST","To get contact details, please visit your order details on My eBay","General Credit Card Deposit","Completed","USD","25.56","","0.00"
"29/12/2018","13:08:58","EST","eBay Australia & New Zealand Pty Limited","Import tax payment","Completed","USD","-2.56","","-2.56"
"29/12/2018","13:08:58","EST","To get contact details, please visit your order details on My eBay","General Credit Card Deposit","Completed","USD","2.56","","0.00"
"03/01/2019","13:14:40","EST","CHARLESKEITH.COM Pte Ltd","Payment Refund","Completed","AUD","25.80","","25.80"
"03/01/2019","13:14:40","EST","","General Credit Card Withdrawal","Completed","AUD","-25.80","","0.00"
"04/01/2019","12:54:28","EST","HANES IP BONDS AUSTRALIA PTY LTD","Express Checkout Payment","Completed","AUD","-35.01","","-35.01"
"04/01/2019","12:54:28","EST","","General Credit Card Deposit","Completed","AUD","35.01","","0.00"
"10/01/2019","23:40:25","EST","Neat Tickets Pty Ltd","Express Checkout Payment","Completed","AUD","-287.25","","-287.25"
"10/01/2019","23:40:25","EST","","General Credit Card Deposit","Completed","AUD","287.25","","0.00"
"12/01/2019","15:49:06","EST","","General Credit Card Deposit","Completed","AUD","55.20","","55.20"
"12/01/2019","15:49:06","EST","The Good Collective Pty Ltd","Express Checkout Payment","Completed","AUD","-55.20","","0.00"
"30/01/2019","07:38:34","EST","THE ICONIC","Payment Refund","Completed","AUD","34.27","","34.27"
"30/01/2019","07:38:34","EST","","General Credit Card Withdrawal","Completed","AUD","-34.27","","0.00"
"31/01/2019","14:29:49","EST","To get contact details, please visit your order details on My eBay","General Credit Card Deposit","Completed","AUD","32.99","","32.99"
"31/01/2019","14:29:49","EST","Tao Liming","eBay Auction Payment","Completed","AUD","-32.99","","0.00"
"19/02/2019","19:48:41","EST","ASOS.COM Ltd","Order","Completed","AUD","","","0.00"
"19/02/2019","19:48:48","EST","ASOS.COM Ltd","General Authorisation","Pending","AUD","-190.50","","0.00"
"19/02/2019","20:48:58","EST","ASOS.COM Ltd","Express Checkout Payment","Completed","AUD","-190.50","","-190.50"
"19/02/2019","20:48:58","EST","","General Credit Card Deposit","Completed","AUD","190.50","","0.00"
"19/02/2019","20:48:58","EST","ASOS.COM Ltd","General Authorisation","Completed","AUD","-190.50","","0.00"
"20/02/2019","14:16:01","EST","ASOS.COM Ltd","Order","Completed","AUD","","","0.00"
"20/02/2019","14:16:07","EST","ASOS.COM Ltd","General Authorisation","Pending","AUD","-162.00","","0.00"
"20/02/2019","15:16:18","EST","","General Credit Card Deposit","Completed","AUD","162.00","","162.00"
"20/02/2019","15:16:18","EST","ASOS.COM Ltd","Express Checkout Payment","Completed","AUD","-162.00","","0.00"
"20/02/2019","15:16:18","EST","ASOS.COM Ltd","General Authorisation","Completed","AUD","-162.00","","0.00"
"25/02/2019","11:20:11","EST","ASOS.COM Ltd","Order","Completed","AUD","","","0.00"
"25/02/2019","11:20:17","EST","ASOS.COM Ltd","General Authorisation","Pending","AUD","-56.00","","0.00"
"25/02/2019","12:20:26","EST","","General Credit Card Deposit","Completed","AUD","56.00","","56.00"
"25/02/2019","12:20:26","EST","ASOS.COM Ltd","Express Checkout Payment","Completed","AUD","-56.00","","0.00"
"25/02/2019","12:20:26","EST","ASOS.COM Ltd","General Authorisation","Completed","AUD","-56.00","","0.00"
"25/02/2019","16:02:39","EST","","General Credit Card Deposit","Completed","AUD","100.00","","100.00"
"25/02/2019","16:02:39","EST","adidas Australia Pty Ltd","Express Checkout Payment","Completed","AUD","-100.00","","0.00"
"07/03/2019","21:37:40","EST","ASOS.COM Ltd","Payment Refund","Completed","AUD","162.00","","162.00"
"07/03/2019","21:37:40","EST","","General Credit Card Withdrawal","Completed","AUD","-162.00","","0.00"
"07/03/2019","21:37:42","EST","ASOS.COM Ltd","Payment Refund","Completed","AUD","162.00","","162.00"
"07/03/2019","21:37:42","EST","","General Credit Card Withdrawal","Completed","AUD","-162.00","","0.00"
"23/03/2019","11:27:58","EST","8cos","eBay Auction Payment","Completed","USD","-20.61","","-20.61"
"23/03/2019","11:27:58","EST","To get contact details, please visit your order details on My eBay","General Credit Card Deposit","Completed","USD","20.61","","0.00"
"23/03/2019","11:28:01","EST","eBay Australia & New Zealand Pty Limited","Import tax payment","Completed","USD","-2.06","","-2.06"
"23/03/2019","11:28:01","EST","To get contact details, please visit your order details on My eBay","General Credit Card Deposit","Completed","USD","2.06","","0.00"
"01/04/2019","15:30:15","EST","FRANKIEB PTY LTD","Express Checkout Payment","Completed","AUD","-179.95","","-179.95"
"01/04/2019","15:30:15","EST","","General Credit Card Deposit","Completed","AUD","179.95","","0.00"
"02/04/2019","18:01:48","EST","","General Credit Card Deposit","Completed","AUD","31.59","","31.59"
"02/04/2019","18:01:48","EST","The Book Depository Limited","Express Checkout Payment","Completed","AUD","-31.59","","0.00"
"07/04/2019","14:38:30","EST","Tockman Pty Ltd","Express Checkout Payment","Completed","AUD","-43.97","","-43.97"
"07/04/2019","14:38:30","EST","","General Credit Card Deposit","Completed","AUD","43.97","","0.00"
"26/04/2019","12:33:47","EST","","General Credit Card Deposit","Completed","AUD","98.98","","98.98"
"26/04/2019","12:33:47","EST","TH AUSTRALIA HOLDINGS PTY LIMITED","Express Checkout Payment","Completed","AUD","-98.98","","0.00"
"29/04/2019","10:58:46","EST","ASOS.COM Ltd","Order","Completed","AUD","","","0.00"
"29/04/2019","10:58:52","EST","ASOS.COM Ltd","General Authorisation","Pending","AUD","-54.00","","0.00"
"29/04/2019","11:59:02","EST","","General Credit Card Deposit","Completed","AUD","54.00","","54.00"
"29/04/2019","11:59:02","EST","ASOS.COM Ltd","Express Checkout Payment","Completed","AUD","-54.00","","0.00"
"29/04/2019","11:59:02","EST","ASOS.COM Ltd","General Authorisation","Completed","AUD","-54.00","","0.00"
"01/05/2019","03:13:40","EST","THE ICONIC","Pre-approved Payment Bill User Payment","Completed","AUD","-22.19","","-22.19"
"01/05/2019","03:13:40","EST","","General Credit Card Deposit","Completed","AUD","22.19","","0.00"
"09/05/2019","23:21:19","EST","EVENTBRITE AU PTY LIMITED","Express Checkout Payment","Completed","AUD","-20.98","","-20.98"
"09/05/2019","23:21:19","EST","","General Credit Card Deposit","Completed","AUD","20.98","","0.00"
"19/05/2019","18:38:32","EST","","General Credit Card Deposit","Completed","AUD","53.94","","53.94"
"19/05/2019","18:38:32","EST","Adairs Limited","Express Checkout Payment","Completed","AUD","-53.94","","0.00"
"20/05/2019","18:54:37","EST","THE ICONIC","Pre-approved Payment Bill User Payment","Completed","AUD","-122.15","","-122.15"
"20/05/2019","18:54:37","EST","","General Credit Card Deposit","Completed","AUD","122.15","","0.00"
"24/05/2019","17:54:57","EST","TH AUSTRALIA HOLDINGS PTY LIMITED","Express Checkout Payment","Completed","AUD","-111.75","","-111.75"
"24/05/2019","17:54:57","EST","","General Credit Card Deposit","Completed","AUD","111.75","","0.00"
"24/05/2019","19:16:36","EST","THE ICONIC","Pre-approved Payment Bill User Payment","Completed","AUD","-69.96","","-69.96"
"24/05/2019","19:16:36","EST","","General Credit Card Deposit","Completed","AUD","69.96","","0.00"
"29/05/2019","19:48:19","EST","AIRBNB PAYMENTS AUSTRALIA PTY. LTD.","Pre-approved Payment Bill User Payment","Completed","AUD","-110.89","","-110.89"
"29/05/2019","19:48:19","EST","","General Credit Card Deposit","Completed","AUD","110.89","","0.00"
"02/06/2019","13:13:56","EST","beautynetkorea","eBay Auction Payment","Completed","USD","-10.79","","-10.79"
"02/06/2019","13:13:56","EST","To get contact details, please visit your order details on My eBay","General Credit Card Deposit","Completed","USD","10.79","","0.00"
"02/06/2019","13:13:58","EST","eBay Australia & New Zealand Pty Limited","Import tax payment","Completed","USD","-1.08","","-1.08"
"02/06/2019","13:13:58","EST","To get contact details, please visit your order details on My eBay","General Credit Card Deposit","Completed","USD","1.08","","0.00"
"03/06/2019","11:33:53","EST","TH AUSTRALIA HOLDINGS PTY LIMITED","Payment Refund","Completed","AUD","111.75","","111.75"
"03/06/2019","11:33:53","EST","","General Credit Card Withdrawal","Completed","AUD","-111.75","","0.00"
"06/06/2019","13:23:32","EST","AIRBNB PAYMENTS AUSTRALIA PTY. LTD.","Pre-approved Payment Bill User Payment","Completed","AUD","-135.88","","-135.88"
"06/06/2019","13:23:32","EST","","General Credit Card Deposit","Completed","AUD","135.88","","0.00"
"20/06/2019","05:34:31","EST","THE ICONIC","Payment Refund","Completed","AUD","69.96","","69.96"
"20/06/2019","05:34:31","EST","","General Credit Card Withdrawal","Completed","AUD","-69.96","","0.00"
"26/06/2019","17:04:34","EST","To get contact details, please visit your order details on My eBay","General Credit Card Deposit","Completed","AUD","20.00","","20.00"
"26/06/2019","17:04:34","EST","youngkwan son","eBay Auction Payment","Completed","USD","-15.49","","-15.49"
"26/06/2019","17:04:34","EST","eBay Marketplaces GmbH","General Incentive/Voucher Redemption","Completed","USD","2.09","","-13.40"
"26/06/2019","17:04:34","EST","","General Currency Conversion","Completed","AUD","-20.00","","0.00"
"26/06/2019","17:04:34","EST","To get contact details, please visit your order details on My eBay","General Currency Conversion","Completed","USD","13.40","","0.00"
"26/06/2019","17:04:41","EST","To get contact details, please visit your order details on My eBay","General Credit Card Deposit","Completed","AUD","2.31","","2.31"
"26/06/2019","17:04:41","EST","eBay Australia & New Zealand Pty Limited","Import tax payment","Completed","USD","-1.55","","-1.55"
"26/06/2019","17:04:41","EST","","General Currency Conversion","Completed","AUD","-2.31","","0.00"
"26/06/2019","17:04:41","EST","To get contact details, please visit your order details on My eBay","General Currency Conversion","Completed","USD","1.55","","0.00"
"20/07/2019","03:58:57","EST","","General Credit Card Deposit","Completed","AUD","82.45","","82.45"
"20/07/2019","03:58:57","EST","Sephora Australia Pty Ltd","Express Checkout Payment","Completed","AUD","-82.45","","0.00"
"20/07/2019","17:25:36","EST","Mecca Brands Pty Ltd","General Authorisation","Pending","AUD","-72.00","","0.00"
"20/07/2019","17:25:42","EST","Mecca Brands Pty Ltd","Express Checkout Payment","Completed","AUD","-72.00","","-72.00"
"20/07/2019","17:25:42","EST","","General Credit Card Deposit","Completed","AUD","72.00","","0.00"
"20/07/2019","17:25:42","EST","Mecca Brands Pty Ltd","General Authorisation","Completed","AUD","-72.00","","0.00"
"20/07/2019","20:32:03","EST","Felicia Tan","eBay Auction Payment","Completed","AUD","-4.90","","-4.90"
"20/07/2019","20:32:03","EST","To get contact details, please visit your order details on My eBay","General Credit Card Deposit","Completed","AUD","4.90","","0.00"
"20/07/2019","20:36:52","EST","glider-high","eBay Auction Payment","Completed","AUD","-2.65","","-2.65"
"20/07/2019","20:36:52","EST","To get contact details, please visit your order details on My eBay","General Credit Card Deposit","Completed","AUD","2.65","","0.00"
"23/07/2019","23:06:07","EST","","General Credit Card Deposit","Completed","AUD","57.99","","57.99"
"23/07/2019","23:06:07","EST","kikki.K Holdings Pty Ltd","Express Checkout Payment","Completed","AUD","-57.99","","0.00"
"23/07/2019","23:47:19","EST","FoREST","Donation Payment","Completed","GBP","-5.00","","-5.00"
"23/07/2019","23:47:19","EST","","General Currency Conversion","Completed","AUD","-9.29","","-9.29"
"23/07/2019","23:47:19","EST","","General Currency Conversion","Completed","GBP","5.00","","0.00"
"23/07/2019","23:47:19","EST","","General Credit Card Deposit","Completed","AUD","9.29","","0.00"
